name,id,flux/second,f/s (base rate),f/s (base cap),flux/use,f/u (base rate),f/u (base cap),cr/u,max uses,regen,charge up,active,down,cooldown,toggle,noDissipation,noHardDissipation,hardFlux,noFiring,noTurning,noStrafing,noAccel,noShield,noVent,isPhaseCloak,tags,icon
#Anti-Beam Depth Charge,dl_antibeamdepthcharges,,,,,,,,3,0.0333,0,,,5,,,,,,,,,,,,,graphics/icons/hullsys/active_flare_launcher.png
Anti-Beam Depth Charge,dl_abdc,,,,,,0.1,,5,0.2,0.25,,0.25,0,,,,,,,,,,,,,graphics/icons/hullsys/active_flare_launcher.png
#Mine Strike,mine_strike,,,,,,0.1,,5,0.2,0.25,,0.25,0,,,,,,,,,,,,,graphics/icons/hullsys/interdictor_array.png
#Active Flare Launcher,flarelauncher_active,,,,,,0.1,,,,,,,5,,,,,,,,,,,,,graphics/icons/hullsys/active_flare_launcher.png
#Terminator Drone,drone_terminator,,,,,,,,1,0.0333,0,,0,0,,,,,,,,,,,,,graphics/icons/hullsys/drone_pd_high.png