id,variant,tags,tier,rarity,fleet pts,op cost,formation,range,attackRunRange,attackPositionOffset,num,role,role desc,refit,base value,,,,,,,,,,,,,number
dl_felis_w_wing,dl_felis_w_wing_Standard,"bomber5, fighter, merc, dalcassian, dalcassian_std_bp, hist3t",3,0.5,15,18,V,3000,1250,-300,2,FIGHTER,Anti-Ship HERCULAN,15,10000,,,,,,,,,,,,,
dl_felis_wing,dl_felis_wing_Standard,"fighter5, fighter, merc, dalcassian, dalcassian_std_bp, hist3t",3,0.5,15,15,V,3000,500,-400,3,INTERCEPTOR,General Purpose HERCULAN,10,10000,,,,,,,,,,,,,30
dl_arise_wing,dl_arise_wing_Standard,"fighter5, fighter, merc, dalcassian, dalcassian_std_bp, hist3t",3,0.5,15,15,V,3000,500,-400,3,INTERCEPTOR,General Purpose HERCULAN,10,10000,,,,,,,,,,,,,31
dl_torus_wing,dl_torus_wing_Standard,"fighter5, fighter, merc, dalcassian, dalcassian_std_bp, hist3t",3,0.5,15,18,V,3000,500,-300,3,FIGHTER,Space Superiority HERCULAN,10,10000,,,,,,,,,,,,,32
,,,,,,,,,,,,,,,,,,,,,,,,,,,,33
,,,,,,,,,,,,,,,,,,,,,,,,,,,,34
,,,,,,,,,,,,,,,,,,,,,,,,,,,,35
,,,,,,,,,,,,,,,,,,,,,,,,,,,,36
,,,,,,,,,,,,,,,,,,,,,,,,,,,,37
,,,,,,,,,,,,,,,,,,,,,,,,,,,,38
,,,,,,,,,,,,,,,,,,,,,,,,,,,,39
,,,,,,,,,,,,,,,,,,,,,,,,,,,,40
,,,,,,,,,,,,,,,,,,,,,,,,,,,,41
,,,,,,,,,,,,,,,,,,,,,,,,,,,,42
,,,,,,,,,,,,,,,,,,,,,,,,,,,,43
,,,,,,,,,,,,,,,,,,,,,,,,,,,,44
,,,,,,,,,,,,,,,,,,,,,,,,,,,,45
,,,,,,,,,,,,,,,,,,,,,,,,,,,,46
,,,,,,,,,,,,,,,,,,,,,,,,,,,,47
,,,,,,,,,,,,,,,,,,,,,,,,,,,,48
,,,,,,,,,,,,,,,,,,,,,,,,,,,,49
,,,,,,,,,,,,,,,,,,,,,,,,,,,,50