name,id,tier,rarity,base value,range,damage/second,damage/shot,emp,impact,turn rate,OPs,ammo,ammo/sec,reload size,type,energy/shot,energy/second,chargeup,chargedown,burst size,burst delay,min spread,max spread,spread/shot,spread decay/sec,beam speed,proj speed,launch speed,flight time,proj hitpoints,autofireAccBonus,extraArcForAI,hints,tags,groupTag,tech/manufacturer,for weapon tooltip>>,primaryRoleStr,speedStr,trackingStr,turnRateStr,accuracyStr,customPrimary,customPrimaryHL,customAncillary,customAncillaryHL,noDPSInTooltip,number
#SHIP WEAPONS,,,,,,,,,,,,,,,,,,,,,,,,,,,,,,,,,,,,,,,,,,,,,,,,
#225cm Heavy Beam Cannon,dl_gilbert,3,,8000,1000,1000,,1000,0,5,25,,,,ENERGY,,1000,0,1,1,1,,,,,10000,,,,,,,FIRE_WHEN_INEFFICIENT,"dalcassian, dalcassian_adv_bp, energy20, beam15, LR, rare_bp, hist1t, merc",,Dalcassian,,General,,,,,"Hits on hull or armor frequently arc to weapons and engines, dealing extra EMP and energy damage. Hits on shields have a chance to generate a shield-penetrating arc based on the target's hard flux level.",,,,,
225cm Heavy Beam Cannon,dl_gilbert,3,,8000,1000,1500,,1000,0,3,25,,,,ENERGY,,1500,0,1,1,2,,,,,10000,,,,,,,FIRE_WHEN_INEFFICIENT,"dalcassian, dalcassian_adv_bp, energy20, beam15, LR, rare_bp, hist1t, merc",,Dalcassian,,General,,,,,"Hits on hull or armor frequently arc to weapons and engines, dealing extra EMP and energy damage. Hits on shields have a chance to generate a shield-penetrating arc based on the target's hard flux level.",,,,,
180cm Beam Cannon,dl_schlag,1,,1500,900,1000,,,0,20,10,,,,ENERGY,,1200,0,1,1,2,,,,,3200,,,,,,,FIRE_WHEN_INEFFICIENT,"dalcassian, dalcassian_adv_bp, energy20, beam15, LR, rare_bp, hist1t, merc",,Dalcassian,,General,,,,,,,,,,
75mm Close-In Weapon System,dl_zupfen,1,,800,500,,25,,1,20,8,,,,HIGH_EXPLOSIVE,10,,0,2,20,0.1,0,10,0.66,5,,1200,,,10,,,"PD,ANTI_FTR","dalcassian, dalcassian_std_bp, he15, pd15, SR, rare_bp, hist1t, merc",,Dalcassian,,Point Defense,,,,,,,,,,
155mm Close-In Weapon System,dl_lanze,1,,1000,800,,75,,3,30,10,,,,HIGH_EXPLOSIVE,20,,0,3,20,0.1,0,20,1,10,,1000,,,30,,,"PD,ANTI_FTR","dalcassian, dalcassian_std_bp, he15, pd15, LR, rare_bp, hist1t, merc",,Dalcassian,,Point Defense,,,,,,,,,,
Plasma Driver Missile System,dl_plasma_driver_large,1,,1200,1000,,1500,500,75,10,20,16,0.2,4,ENERGY,0,,0,0,4,0.25,0,0,0,0,,800,100,12.5,300,,,"STRIKE, DO_NOT_AIM, DO_NOT_CONSERVE","dalcassian, dalcassian_adv_bp, missile18, strike15, LR, rare_bp, hist1t, merc",,Dalcassian,,Fire Support,Fast,Medium,,,,,,,TRUE,
Plasma Driver Missile Launcher,dl_plasma_driver_medium,1,,1200,1000,,1500,500,75,10,10,8,0.1,2,ENERGY,0,,0,0,2,0.25,0,0,0,0,,800,100,12.5,300,,,"STRIKE, DO_NOT_AIM, DO_NOT_CONSERVE","dalcassian, dalcassian_adv_bp, missile18, strike15, LR, rare_bp, hist1t, merc",,Dalcassian,,Fire Support,Fast,Medium,,,,,,,TRUE,
Plasma Driver Missile Tube,dl_plasma_driver_small,1,,1200,1000,,1500,500,75,10,5,3,0.05,,ENERGY,0,,0,0,1,0.25,0,0,0,0,,800,100,12.5,300,,,"STRIKE, DO_NOT_AIM, DO_NOT_CONSERVE","dalcassian, dalcassian_adv_bp, missile18, strike15, LR, rare_bp, hist1t, merc",,Dalcassian,,Fire Support,Fast,Medium,,,,,,,TRUE,
Saracusa Missile System,dl_saracusa_large,1,,1200,1000,,1000,,75,10,20,16,0.2,4,HIGH_EXPLOSIVE,0,,0,0,4,0.25,0,0,0,0,,800,100,12.5,300,,,"STRIKE, DO_NOT_AIM, DO_NOT_CONSERVE","dalcassian, dalcassian_std_bp, missile18, strike15, LR, rare_bp, hist1t, merc",,Dalcassian,,Finisher,Fast,Medium,,,,,,,TRUE,
Saracusa Missile Launcher,dl_saracusa_medium,1,,1200,1000,,1000,,75,10,10,8,0.1,2,HIGH_EXPLOSIVE,0,,0,0,2,0.25,0,0,0,0,,800,100,12.5,300,,,"STRIKE, DO_NOT_AIM, DO_NOT_CONSERVE","dalcassian, dalcassian_std_bp, missile18, strike15, LR, rare_bp, hist1t, merc",,Dalcassian,,Finisher,Fast,Medium,,,,,,,TRUE,
Saracusa Missile Tube,dl_saracusa_small,1,,1200,1000,,1000,,75,10,5,3,0.05,1,HIGH_EXPLOSIVE,0,,0,0,1,0.25,0,0,0,0,,800,100,12.5,300,,,"STRIKE, DO_NOT_AIM, DO_NOT_CONSERVE","dalcassian, dalcassian_std_bp, missile18, strike15, LR, rare_bp, hist1t, merc",,Dalcassian,,Finisher,Fast,Medium,,,,,,,TRUE,
Heavenbolt Missile System,dl_heavenbolt_large,1,,4000,800,,300,,5,30,18,128,0.8,16,FRAGMENTATION,0,,0,2,8,0.125,0,0,0,0,,800,100,6,60,,,"ANTI_FTR, PD, DO_NOT_AIM, DO_NOT_CONSERVE","dalcassian, dalcassian_std_bp, utility18, missile15, rare_bp, hist1t, merc",,Dalcassian,,Anti Small Craft,Fast,Excellent,,,,,,,TRUE,
Heavenbolt Missile Launcher,dl_heavenbolt_medium,1,,4000,800,,300,,5,30,10,64,0.4,8,FRAGMENTATION,0,,0,2,8,0.125,0,0,0,0,,800,100,6,60,,,"ANTI_FTR, PD, DO_NOT_AIM, DO_NOT_CONSERVE","dalcassian, dalcassian_std_bp, utility18, missile15, rare_bp, hist1t, merc",,Dalcassian,,Anti Small Craft,Fast,Excellent,,,,,,,TRUE,
,,,,,,,,,,,,,,,,,,,,,,,,,,,,,,,,,,,,,,,,,,,,,,,,
#HERC BUILT-IN WEAPONS,,,,,,,,,,,,,,,,,,,,,,,,,,,,,,,,,,,,,,,,,,,,,,,,
#Weilergun,dl_weilergun,0,,3000,1500,,3000,,200,5,20,5,0.5,,ENERGY,750,,0,3,1,,0,10,5,10,,3000,,,400,,,"PD,ANTI_FTR, SYSTEM","no_drop, no_drop_salvage",,Dalcassian,,General,,,,,,,,,,55
Weilergun,dl_weilergun,0,,3000,1250,,3000,,200,5,20,5,0.75,5,ENERGY,750,,0,0.6,1,,0,10,5,10,,3000,,,400,,,"PD,ANTI_FTR, SYSTEM","no_drop, no_drop_salvage",,Dalcassian,,General,,,,,,,,,,
Weilergun B,dl_weilergun_lite,0,,3000,1500,,2000,,200,5,20,5,0.75,5,ENERGY,0,,0,1,1,,0,10,5,10,,3000,,,400,,,"PD,ANTI_FTR, SYSTEM","no_drop, no_drop_salvage",,Dalcassian,,General,,,,,,,,,,
Sanc Beam Rifle,dl_sancbeamrifle,0,,3000,900,,750,,200,5,20,10,2,10,ENERGY,125,,0,0.3,1,,0,5,1,10,,3000,,,400,,,"PD,ANTI_FTR, SYSTEM","no_drop, no_drop_salvage",,Dalcassian,,General,,,,,,,,,,
#Arise Chainrifle,dl_arisechainrifle,0,,3000,700,,100,,1,15,15,,,,ENERGY,0,,0,2,45,0.05,1,18,2,10,,2000,,,10,,,"PD,ANTI_FTR, SYSTEM","no_drop, no_drop_salvage",,Dalcassian,,General,,,,,,,,,,
Arise Chainrifle,dl_arisechainrifle,0,,3000,700,,125,,1,15,15,,,,ENERGY,0,,0,2,23,0.1,1,18,2,10,,2000,,,10,,,"PD,ANTI_FTR, SYSTEM","no_drop, no_drop_salvage",,Dalcassian,,General,,,,,,,,,,
Felis Rifle,dl_felisrifle,0,,3000,700,,125,,1,15,15,,,,ENERGY,0,,0,2,23,0.1,1,18,2,10,,2000,,,10,,,"PD,ANTI_FTR, SYSTEM","no_drop, no_drop_salvage",,Dalcassian,,General,,,,,,,,,,
#HERC WING BUILT-IN WEAPONS,,,,,,,,,,,,,,,,,,,,,,,,,,,,,,,,,,,,,,,,,,,,,,,,
Arise Chainrifle,dl_arisechainrifle_wing,0,,100,450,,75,,3,30,10,,,,ENERGY,0,,0,0.15,1,,0,20,1,10,,2000,,,30,,,"PD,ANTI_FTR, SYSTEM","no_drop, no_drop_salvage",,Dalcassian,,General,,,,,,,,,,
Felis Rifle,dl_felisrifle_wing,0,,100,450,,75,,3,30,10,,,,ENERGY,0,,0,0.15,1,,0,20,1,10,,2000,,,30,,,"PD,ANTI_FTR, SYSTEM","no_drop, no_drop_salvage",,Dalcassian,,General,,,,,,,,,,
Weilergun B,dl_weilergun_lite_wing,0,,100,1000,,1250,,200,5,20,5,0.75,5,ENERGY,0,,0,1,1,,0,10,5,10,,3000,,,400,,,"PD,ANTI_FTR, SYSTEM","no_drop, no_drop_salvage",,Dalcassian,,General,,,,,,,,,,
Sanc Beam Rifle,dl_sancbeamrifle_wing,0,,100,500,,300,,200,5,20,10,2,10,ENERGY,0,,0,0.3,1,,0,5,1,10,,3000,,,400,,,"PD,ANTI_FTR, SYSTEM","no_drop, no_drop_salvage",,Dalcassian,,General,,,,,,,,,,
,,,,,,,,,,,,,,,,,,,,,,,,,,,,,,,,,,,,,,,,,,,,,,,,
#UNWEAPONIZED HERC COMPONENTS,,,,,,,,,,,,,,,,,,,,,,,,,,,,,,,,,,,,,,,,,,,,,,,,
AN/APG-00 FCS,dl_stouthawk_head,0,,,,,,,,5,,,,,,,,,,,,,,,,,,,,,,,SYSTEM,"no_drop, no_drop_salvage",,Dalcassian,,,,,,,,,,,,
AN/APG-00P FCS,dl_stouthawk_head_plume,0,,,,,,,,5,,,,,,,,,,,,,,,,,,,,,,,SYSTEM,"no_drop, no_drop_salvage",,Dalcassian,,,,,,,,,,,,
XM61 CIWS,dl_stouthawk_left_arm_shield,0,,,,,,,,2,,,,,,,,,,,,,,,,,,,,,,,SYSTEM,"no_drop, no_drop_salvage",,Dalcassian,,,,,,,,,,,,
JTD11D-20A Thruster,dl_stouthawk_left_thruster,0,,,,,,,,2,,,,,,,,,,,,,,,,,,,,,,,SYSTEM,"no_drop, no_drop_salvage",,Dalcassian,,,,,,,,,,,,
JTD11D-20A Thruster,dl_stouthawk_right_thruster,0,,,,,,,,2,,,,,,,,,,,,,,,,,,,,,,,SYSTEM,"no_drop, no_drop_salvage",,Dalcassian,,,,,,,,,,,,
XM12/SUU-16/A,dl_stouthawk_left_shoulder,0,,,,,,,,2,,,,,,,,,,,,,,,,,,,,,,,SYSTEM,"no_drop, no_drop_salvage",,Dalcassian,,,,,,,,,,,,
XM12/SUU-16/A,dl_stouthawk_right_shoulder,0,,,,,,,,2,,,,,,,,,,,,,,,,,,,,,,,SYSTEM,"no_drop, no_drop_salvage",,Dalcassian,,,,,,,,,,,,
M22 CIWS,dl_torus_left_arm,0,,,,,,,,2,,,,,,,,,,,,,,,,,,,,,,,SYSTEM,"no_drop, no_drop_salvage",,Dalcassian,,,,,,,,,,,,
RJ43-MA-7 Thruster,dl_torus_left_thruster,0,,,,,,,,2,,,,,,,,,,,,,,,,,,,,,,,SYSTEM,"no_drop, no_drop_salvage",,Dalcassian,,,,,,,,,,,,
RJ43-MA-7 Thruster,dl_torus_right_thruster,0,,,,,,,,2,,,,,,,,,,,,,,,,,,,,,,,SYSTEM,"no_drop, no_drop_salvage",,Dalcassian,,,,,,,,,,,,
MMP-35/A,dl_torus_left_shoulder,0,,,,,,,,2,,,,,,,,,,,,,,,,,,,,,,,SYSTEM,"no_drop, no_drop_salvage",,Dalcassian,,,,,,,,,,,,
MMP-35/A,dl_torus_right_shoulder,0,,,,,,,,2,,,,,,,,,,,,,,,,,,,,,,,SYSTEM,"no_drop, no_drop_salvage",,Dalcassian,,,,,,,,,,,,
APG-65 FCS,dl_arise_head,0,,,,,,,,5,,,,,,,,,,,,,,,,,,,,,,,SYSTEM,"no_drop, no_drop_salvage",,Dalcassian,,,,,,,,,,,,
M12 CIWS,dl_arise_left_arm,0,,,,,,,,2,,,,,,,,,,,,,,,,,,,,,,,SYSTEM,"no_drop, no_drop_salvage",,Dalcassian,,,,,,,,,,,,
RR-408 Thruster,dl_arise_left_thruster,0,,,,,,,,2,,,,,,,,,,,,,,,,,,,,,,,SYSTEM,"no_drop, no_drop_salvage",,Dalcassian,,,,,,,,,,,,
RR-408 Thruster,dl_arise_right_thruster,0,,,,,,,,2,,,,,,,,,,,,,,,,,,,,,,,SYSTEM,"no_drop, no_drop_salvage",,Dalcassian,,,,,,,,,,,,
AN/APG-01 FCS,dl_felis_head,0,,,,,,,,5,,,,,,,,,,,,,,,,,,,,,,,SYSTEM,"no_drop, no_drop_salvage",,Dalcassian,,,,,,,,,,,,
M61 CIWS,dl_felis_left_arm_shield,0,,,,,,,,2,,,,,,,,,,,,,,,,,,,,,,,SYSTEM,"no_drop, no_drop_salvage",,Dalcassian,,,,,,,,,,,,
M12/SUU-16/A,dl_felis_left_shoulder,0,,,,,,,,2,,,,,,,,,,,,,,,,,,,,,,,SYSTEM,"no_drop, no_drop_salvage",,Dalcassian,,,,,,,,,,,,
M12/SUU-16/A,dl_felis_right_shoulder,0,,,,,,,,2,,,,,,,,,,,,,,,,,,,,,,,SYSTEM,"no_drop, no_drop_salvage",,Dalcassian,,,,,,,,,,,,