name,id,designation,tech/manufacturer,system id,fleet pts,hitpoints,armor rating,max flux,8/6/5/4%,flux dissipation,ordnance points,fighter bays,max speed,acceleration,deceleration,max turn rate,turn acceleration,mass,shield type,defense id,shield arc,shield upkeep,shield efficiency,phase cost,phase upkeep,min crew,max crew,cargo,fuel,fuel/ly,range,max burn,base value,cr %/day,CR to deploy,peak CR sec,CR loss/sec,supplies/rec,supplies/mo,c/s,c/f,f/s,f/f,crew/s,crew/f,hints,tags,rarity,breakProb,minPieces,maxPieces,travel drive,number
#CAPITAL SHIPS,,,,,,,,,,,,,,,,,,,,,,,,,,,,,,,,,,,,,,,,,,,,,,,,,,,,,
Weekend,dl_weekend,Destroyer,Dalcassian,flarelauncher_active,10,4000,250,7500,8333,500,105,,90,80,60,30,30,350,OMNI,,360,0.4,1.2,,,50,70,80,50,2,25,9,45000,5,15,300,0.25,11,11,,,,,,,,"dalcassian, dalcassian_std_bp, hist3t, merc",,0.5,2,3,,
#Sunder,sunder,Destroyer,Midline,highenergyfocus,10,4000,250,7500,8333,500,105,,90,80,60,30,30,350,FRONT,,300,0.4,1.2,,,50,70,80,50,2,25,9,45000,5,15,300,0.25,11,11,,,,,,,,"midline_bp, merc",,0.5,2,3,,301
Mandela,dl_mandela,Cruiser,Dalcassian,flarelauncher_active,14,9000,750,12000,14000,700,140,,60,40,30,20,25,2000,OMNI,,360,0.6,0.7,,,150,450,400,200,2,100,8,140000,3,15,420,0.25,18,18,,,,,,,,"dalcassian, dalcassian_std_bp, hist3t, merc",,0.6,2,3,,
#Apogee,apogee,Cruiser,High Tech,flarelauncher_active,14,9000,750,12000,14000,700,140,,60,40,30,20,25,2000,FRONT,,360,0.6,0.7,,,150,450,400,200,2,100,8,140000,3,15,420,0.25,18,18,,,,,,,,"rare_bp, merc",,0.6,2,3,,403
Mandela Refit,dl_mandela_refit,Carrier,Dalcassian,flarelauncher_active,14,7000,600,12000,14000,700,140,2,60,40,30,20,25,2000,OMNI,,360,0.6,0.7,,,150,450,400,200,2,100,8,140000,3,15,420,0.25,18,18,,,,,,,,"dalcassian, dalcassian_std_bp, hist3t, merc",,0.6,2,3,,
#Heron,heron,Fast Carrier,Midline,targetingfeed,14,6000,750,5000,6000,300,100,3,80,60,40,20,25,800,OMNI,,180,0.5,0.8,,,150,250,90,60,3,20,8,120000,3,12,360,0.25,20,20,,,,,,,CARRIER,"midline_bp, merc",,0.5,2,3,,407
Ajax Refit,dl_ajax_refit,Battlecarrier,Dalcassian,flarelauncher_active,27,10000,1250,20000,31250,1250,300,4,50,30,10,5,5,3500,OMNI,,360,0.6,0.6,,,400,750,300,300,10,30,8,500000,4,20,720,0.25,50,50,,,,,,,,"dalcassian, dalcassian_adv_bp, hist3t, merc",,0.6,2,4,,
#Astral,astral,Carrier,High Tech,recalldevice,27,10000,900,12000,15000,600,250,6,30,15,10,7,4,3000,FRONT,,360,0.7,0.6,,,450,1000,250,200,10,20,7,400000,3,15,600,0.25,50,50,,,,,,,CARRIER,"rare_bp, merc",,0.6,2,4,,501
#Ajax,dl_ajax,Battleship,Dalcassian,dl_antibeamdepthcharges,30,18000,1500,25000,31250,1250,370,,50,30,10,5,5,3500,OMNI,,360,0.6,0.6,,,200,500,300,300,10,30,8,500000,4,20,720,0.25,50,50,,,,,,,,"dalcassian, dalcassian_adv_bp, hist3t, merc",,0.6,2,4,,
Ajax,dl_ajax,Battleship,Dalcassian,dl_abdc,30,18000,1500,25000,31250,1250,370,,50,30,10,5,5,3500,OMNI,,360,0.6,0.6,,,200,500,300,300,10,30,8,500000,4,20,720,0.25,50,50,,,,,,,,"dalcassian, dalcassian_adv_bp, hist3t, merc",,0.6,2,4,,
#Paragon,paragon,Battleship,High Tech,fortressshield,30,18000,1500,25000,31250,1250,370,,30,15,10,5,5,3500,OMNI,,360,0.6,0.6,,,400,1000,300,300,10,30,7,500000,4,20,720,0.25,60,60,,,,,,,,"rare_bp, hist3t, merc",,0.6,2,4,,504
#HERCULANs - OP will change to match Centurion after integrated hero weapons made,,,,,,,,,,,,,,,,,,,,,,,,,,,,,,,,,,,,,,,,,,,,,,,,,,,,,
#Centurion,centurion,Heavy Frigate,Midline,damper,6,2250,500,2200,2188,175,55,,120,110,90,40,80,300,OMNI,,180,0.4,0.8,,,30,50,50,25,1,25,10,20000,8,10,240,0.25,4,4,,,,,,,,"midline_bp, merc",,0.4,2,2,,219
Stouthawk,dl_stouthawk,HERCULAN,Dalcassian,displacer,10,5000,500,4200,,250,20,,300,200,300,270,270,200,OMNI,,360,0.4,0.8,,,1,2,50,20,1,20,10,12000,10,12,,,5,5,,,,,,,,"dalcassian, dalcassian_leg_bp, hist3t, merc",,0.2,2,2,,300
Torus,dl_torus,HERCULAN,Dalcassian,displacer,10,3000,300,4200,,250,20,,250,200,200,270,270,200,OMNI,,360,0.4,0.8,,,1,2,50,20,1,20,10,12000,10,12,,,5,5,,,,,,,,"dalcassian, dalcassian_adv_bp, hist3t, merc",,0.2,2,2,,
Arise,dl_arise,HERCULAN,Dalcassian,maneuveringjets,10,3000,300,4200,,250,30,,200,200,200,270,270,200,OMNI,,360,0.4,0.8,,,1,2,50,20,1,20,10,12000,10,12,,,5,5,,,,,,,,"dalcassian, dalcassian_std_bp, hist3t, merc",,0.2,2,2,,
Felis,dl_felis,HERCULAN,Dalcassian,flarelauncher,10,3000,300,4200,,250,20,,150,200,200,270,270,200,FRONT,,160,0.4,0.8,,,1,2,50,20,1,20,10,12000,10,12,,,5,5,,,,,,,,"dalcassian, dalcassian_std_bp, hist3t, merc",,0.2,2,2,,
Felis Heavy,dl_felis_w,HERCULAN,Dalcassian,flarelauncher,10,3000,300,4200,,250,20,,150,200,200,270,270,200,FRONT,,160,0.4,0.8,,,1,2,50,20,1,20,10,12000,10,12,,,5,5,,,,,,,,"dalcassian, dalcassian_std_bp, hist3t, merc",,0.2,2,2,,
#HERC WINGS,,,,,,,,,,,,,,,,,,,,,,,,,,,,,,,,,,,,,,,,,,,,,,,,,,,,,
Felis Squadron,dl_felis_wing,,Dalcassian,flarelauncher_fighter,,1800,300,200,,50,0,,150,200,200,270,360,40,FRONT,,180,0.4,0.8,,,2,2,,,,,,,,,,,,,,,,,,,,,,0,,,,110
Felis Heavy Squadron,dl_felis_w_wing,,Dalcassian,flarelauncher_fighter,,1800,300,200,,50,0,,150,200,200,270,360,40,FRONT,,180,0.4,0.8,,,2,2,,,,,,,,,,,,,,,,,,,,,,0,,,,
Arise Squadron,dl_arise_wing,,Dalcassian,flarelauncher_fighter,,1800,300,200,,50,0,,200,200,200,270,360,40,FRONT,,180,0.4,0.8,,,2,2,,,,,,,,,,,,,,,,,,,,,,0,,,,
Torus Squadron,dl_torus_wing,,Dalcassian,displacer,,2000,300,200,,50,0,,225,200,200,270,360,40,OMNI,,360,0.4,0.8,,,1,2,,,,,,,,,,,,,,,,,,,,,,0,,,,
#MISC,,,,,,,,,,,,,,,,,,,,,,,,,,,,,,,,,,,,,,,,,,,,,,,,,,,,,
Anti-Beam Depth Charge,dl_antibeamdepthcharge,,Dalcassian,,,500,100,200,,50,,,50,400,400,200,400,5,NONE,,360,0,1,,,0,0,,,,,,,,,,,,,,,,,,,,"no_drop, no_drop_salvage",,0,1,1,,4
#Terminator,drone_terminator,,,,,500,100,200,,50,,,300,400,400,200,400,5,NONE,,360,0,1,,,0,0,,,,,,,,,,,,,,,,,,,,,,0,,,,4