{
    "id":"Dalcassian League", # internal id
	"name":"Dalcassian League - WiP", # displayed to the player
	"author":"WiC2021",
	"version":"0.01",
	"description":"Dalcassian League v0.01a - adds the Dalcassian League faction, ships, weapons and their iconic Humaniform-Emulating Reactive Combat Units with Link-Automated ordiNance, or 'HERCULANs'",
    	"gameVersion": "0.95a-RC15",
	"modPlugin":  "data.scripts.dl_ModPlugin",
	"dependencies": [
		{"id": "nexerelin", "name": "Nexerelin"}

	]
}
