{
    "playableFaction":true,
    "corvusCompatible":true,
    
    "rebelFleetSuffix":"Traitors",
    
    "marketSpawnWeight":2,

    "startRelationships":{ "hegemony": -0.3, "luddic_church":-0.6, "luddic_path":-0.6 },
	"maxRelationships":{ "remnant":-0.51 },
	"diplomacyPositiveChance":{ "luddic_church":0.8 },
    "diplomacyNegativeChance":{ "luddic_church":1.2 },
    
    "alignments":{
        "technocratic":0,
        "hierarchical":1,
        "militarist":1,
        "diplomatic":-0.5,
        "ideological":0.5,
    },
    "diplomacyTraits":["pacifist", "stalwart", "helps_allies", "one_true_way", "neutralist"],
    
    # chance of the faction being picked to send a colony expedition. Default 0 (disabled)
    "colonyExpeditionChance":1,	# baseline expansion behaviour
    "colonyTargetValuator":"exerelin.campaign.colony.IndustrialColonyTargetValuator",
    
    "groundBattleSettings":{
        "moraleDamageTakenMult":0.7,
    },
    
    "specialForcesNamerClass":"exerelin.campaign.intel.specialforces.namer.PlanetNamer",
    #"specialForcesFlagshipVariants":{ "paragon_Elite":1, "astral_Strike":0.5 },
    
    "startShipsSolo":[["dl_mandela_Standard"]],
    "startShipsCombatSmall":[
      ["dl_weekend_Standard", "dl_arise_Strike", "dl_arise_Strike"],
      ["dl_weekend_Strike", "dl_felis_Standard", "dl_felis_w_AS"]
    ],
    "startShipsTradeSmall":[["tarsus_Standard", "tarsus_Standard", "dl_felis_Standard"]],
    "startShipsCombatLarge":[
      ["dl_mandela_Standard", "dl_weekend_Standard", "dl_weekend_Standard", "dl_arise_Strike", "dl_arise_Escort", "dl_arise_Escort"],
      ["dl_mandela_Standard", "dl_weekend_Standard", "dl_weekend_Standard", "dl_felis_Standard", "dl_felis_Standard", "dl_felis_w_AS"]
    ],
    "startShipsTradeLarge":[["colossus_Standard", "colossus_Standard", "dl_mandela_Standard"]],
    "startShipsExplorerLarge":[["dl_mandela_Standard", "dl_torus_Sanc", "dl_torus_Sanc"]],
    "startShipsCarrierSmall":[["condor_Attack", "dl_arise_Escort", "dl_arise_Escort"]],
    "startShipsCarrierLarge":[["mora_Assault", "dl_arise_Escort", "dl_arise_Escort", "dl_arise_Escort", "dl_arise_Escort", "dl_arise_Strike", "dl_arise_Strike"]],
    "startShipsGrandFleet":[["dl_ajax_Standard", "dl_ajax_Standard", "dl_mandela_Standard", "dl_mandela_Standard", "dl_mandela_Missile", "dl_weekend_Standard", "dl_weekend_Standard", "dl_weekend_Strike", "dl_stouthawk_Weilergun", "dl_torus_Sanc", "dl_torus_Sanc", "dl_torus_Sanc", "dl_felis_Standard", "dl_felis_Standard", "dl_felis_w_AS"]],
    
    "startSpecialItems":[
        [["dl_dalcassian_adv_bp", ""]], [["dl_dalcassian_std_bp", ""]],

    ],
    
    "defenceStations":[
        {"ids":["orbitalstation", "battlestation", "starfortress"]},
        {"ids":["orbitalstation_mid", "battlestation_mid", "starfortress_mid"], "weight":0.5},
    ],
    
    "industrySeeds":[
        {"id":"orbitalworks", "mult":0.1},
        {"id":"fuelprod", "mult":0.1},
        {"id":"lightindustry", "mult":0.1},
    ],
    
    "bonusSeeds":[
        {"id":"population_upsize", "count":1},
        {"id":"nanoforge_pristine", "count":1},
        {"id":"synchrotron", "count":1},
    ],
}
