name,id,designation,tech/manufacturer,system id,fleet pts,hitpoints,armor rating,max flux,8/6/5/4%,flux dissipation,ordnance points,fighter bays,max speed,acceleration,deceleration,max turn rate,turn acceleration,mass,shield type,defense id,shield arc,shield upkeep,shield efficiency,phase cost,phase upkeep,min crew,max crew,cargo,fuel,fuel/ly,range,max burn,base value,cr %/day,CR to deploy,peak CR sec,CR loss/sec,supplies/rec,supplies/mo,c/s,c/f,f/s,f/f,crew/s,crew/f,hints,tags,rarity,breakProb,minPieces,maxPieces,travel drive,number
#CAPITAL SHIPS,,,,,,,,,,,,,,,,,,,,,,,,,,,,,,,,,,,,,,,,,,,,,,,,,,,,,
Weekend,dl_weekend,Destroyer,Dalcassian,flarelauncher_active,10,4000,250,7500,8333,500,105,,90,80,60,30,30,350,OMNI,,360,0.4,1.2,,,50,70,80,50,2,25,9,45000,5,15,300,0.25,11,11,,,,,,,,"dalcassian, dalcassian_std_bp, hist3t, merc",,0.5,2,3,,
#Sunder,sunder,Destroyer,Midline,highenergyfocus,10,4000,250,7500,8333,500,105,,90,80,60,30,30,350,FRONT,,300,0.4,1.2,,,50,70,80,50,2,25,9,45000,5,15,300,0.25,11,11,,,,,,,,"midline_bp, merc",,0.5,2,3,,301
Mandela,dl_mandela,Cruiser,Dalcassian,flarelauncher_active,14,9000,750,12000,14000,700,140,,60,40,30,20,25,2000,OMNI,,360,0.6,0.7,,,150,450,400,200,2,100,8,140000,3,15,420,0.25,18,18,,,,,,,,"dalcassian, dalcassian_std_bp, hist3t, merc",,0.6,2,3,,
#Apogee,apogee,Cruiser,High Tech,flarelauncher_active,14,9000,750,12000,14000,700,140,,60,40,30,20,25,2000,FRONT,,360,0.6,0.7,,,150,450,400,200,2,100,8,140000,3,15,420,0.25,18,18,,,,,,,,"rare_bp, merc",,0.6,2,3,,403
Mandela Refit,dl_mandela_refit,Carrier,Dalcassian,flarelauncher_active,14,7000,600,12000,14000,700,140,2,60,40,30,20,25,2000,OMNI,,360,0.6,0.7,,,150,450,400,200,2,100,8,140000,3,15,420,0.25,18,18,,,,,,,,"dalcassian, dalcassian_std_bp, hist3t, merc",,0.6,2,3,,
#Heron,heron,Fast Carrier,Midline,targetingfeed,14,6000,750,5000,6000,300,100,3,80,60,40,20,25,800,OMNI,,180,0.5,0.8,,,150,250,90,60,3,20,8,120000,3,12,360,0.25,20,20,,,,,,,CARRIER,"midline_bp, merc",,0.5,2,3,,407
Ajax Refit,dl_ajax_refit,Battlecarrier,Dalcassian,flarelauncher_active,27,10000,1250,20000,31250,1250,300,4,50,30,10,5,5,3500,OMNI,,360,0.6,0.6,,,400,750,300,300,10,30,8,500000,4,20,720,0.25,50,50,,,,,,,,"dalcassian, dalcassian_adv_bp, hist3t, merc",,0.6,2,4,,
#Astral,astral,Carrier,High Tech,recalldevice,27,10000,900,12000,15000,600,250,6,30,15,10,7,4,3000,FRONT,,360,0.7,0.6,,,450,1000,250,200,10,20,7,400000,3,15,600,0.25,50,50,,,,,,,CARRIER,"rare_bp, merc",,0.6,2,4,,501
Ajax,dl_ajax,Battleship,Dalcassian,flarelauncher_active,30,18000,1500,25000,31250,1250,370,,50,30,10,5,5,3500,OMNI,,360,0.6,0.6,,,200,500,300,300,10,30,8,500000,4,20,720,0.25,50,50,,,,,,,,"dalcassian, dalcassian_adv_bp, hist3t, merc",,0.6,2,4,,
#Paragon,paragon,Battleship,High Tech,fortressshield,30,18000,1500,25000,31250,1250,370,,30,15,10,5,5,3500,OMNI,,360,0.6,0.6,,,400,1000,300,300,10,30,7,500000,4,20,720,0.25,60,60,,,,,,,,"rare_bp, hist3t, merc",,0.6,2,4,,504
#LOGISTICS SHIPS,,,,,,,,,,,,,,,,,,,,,,,,,,,,,,,,,,,,,,,,,,,,,,,,,,,,,
#Colossus,colossus,Heavy Freighter,Low Tech,flarelauncher,7,6000,300,2750,2000,100,55,,40,20,10,10,10,1500,FRONT,,150,0.5,1,,,40,200,900,120,4,30,7,40000,3,20,480,0.25,6,6,150,225,,,,,"CIVILIAN, FREIGHTER","base_bp, merc",,0.6,2,3,,411
Demeter,dl_demeter,Freighter,Dalcassian,flarelauncher,7,6000,300,2750,2000,100,55,,40,20,10,10,10,1500,FRONT,,150,0.5,1,,,40,200,900,120,4,30,7,40000,3,20,480,0.25,6,6,150,225,,,,,"CIVILIAN, FREIGHTER","dalcassian, dalcassian_std_bp, hist3t, merc",,0.6,2,3,,
#Atlas,atlas,Superfreighter,Low Tech,flarelauncher,7,8000,250,4000,5000,200,65,,25,5,2,3,2,4000,OMNI,,45,0.5,1,,,50,100,2000,400,6,67,6,75000,2,20,720,0.25,10,10,200,333,,,,,"CIVILIAN, FREIGHTER","rare_bp, merc",,0.7,2,4,,502
Ponos,dl_ponos,Superfreighter,Dalcassian,flarelauncher,7,8000,250,4000,5000,200,65,,25,5,2,3,2,4000,OMNI,,45,0.5,1,,,50,100,2000,400,6,67,6,75000,2,20,720,0.25,10,10,200,333,,,,,"CIVILIAN, FREIGHTER","dalcassian, dalcassian_adv_bp, hist3t, merc",,0.7,2,4,,
#Phaeton,phaeton,Tanker,Low Tech,flarelauncher,6,2000,350,2000,2500,150,45,,50,30,20,25,15,400,OMNI,,90,0.5,1.2,,,10,20,20,800,2,400,8,22000,5,20,300,0.25,4,4,,,200,400,,,"CIVILIAN, TANKER","base_bp, merc",,0.75,3,4,,311
Aura,dl_aura,Tanker,Dalcassian,flarelauncher,6,2000,350,2000,2500,150,45,,50,30,20,25,15,400,OMNI,,90,0.5,1.2,,,10,20,20,800,2,400,8,22000,5,20,300,0.25,4,4,,,200,400,,,"CIVILIAN, TANKER","dalcassian, dalcassian_std_bp, hist3t, merc",,0.75,3,4,,
#Prometheus,prometheus,Tanker,Low Tech,flarelauncher,12,10000,1200,7000,7500,300,95,,50,15,10,4,4,4000,OMNI,,180,0.5,1.2,,,50,100,200,3000,6,500,6,80000,2,20,720,0.25,10,10,,,300,500,,,"CIVILIAN, TANKER","rare_bp, merc",,0.75,3,5,,506
Astraeus,dl_astraeus,Supertanker,Dalcassian,flarelauncher,12,10000,1200,7000,7500,300,95,,50,15,10,4,4,4000,OMNI,,180,0.5,1.2,,,50,100,200,3000,6,500,6,80000,2,20,720,0.25,10,10,,,300,500,,,"CIVILIAN, TANKER","dalcassian, dalcassian_adv_bp, hist3t, merc",,0.75,3,5,,
#,crig,Salvage Rig,Midline,flarelauncher,3,2000,200,1000,1667,100,16,,50,30,20,25,15,300,NONE,,0,0,0,,,20,2,0,0,2,0,8,20000,5,20,360,0.25,3,3,,,,,,,CIVILIAN,base_bp,,0.75,2,3,,312
Hypnos,dl_hypnos,Recovery Ship,Dalcassian,flarelauncher,3,2000,200,1000,1667,100,16,,50,30,20,25,15,300,NONE,,0,0,0,,,20,2,0,0,2,0,8,20000,5,20,360,0.25,3,3,,,,,,,CIVILIAN,"dalcassian, dalcassian_std_bp, hist3t, merc",,0.75,2,3,,
#Valkyrie,valkyrie,Troop Transport,Midline,flarelauncher_active,6,3500,400,2250,1833,110,55,,80,60,60,30,45,400,FRONT,,90,0.4,0.8,,,40,250,50,80,2,40,9,20000,5,15,360,0.25,5,5,,,,,50,125,"CIVILIAN, TRANSPORT","rare_bp, merc, ind",,0.5,2,3,,307
#Phantom,phantom,Phase Transport,High Tech,flarelauncher_active,3,3000,500,3000,5000,300,30,,90,90,70,45,60,350,PHASE,phasecloak,90,,,0.07,0.07,5,200,50,100,2,50,9,35000,5,20,300,0.25,10,10,,,,,20,100,"CIVILIAN, TRANSPORT","rare_bp, merc, req_military",,0.5,2,3,,307.5
Chiron,dl_chiron,Troopship,Dalcassian,flarelauncher_active,6,3500,500,2250,1833,110,75,,80,60,60,30,45,400,OMNI,,90,0.5,1.2,,,10,250,50,80,2,40,10,20000,5,15,360,0.25,5,5,,,,,,,"CIVILIAN, TRANSPORT","dalcassian, dalcassian_std_bp, hist3t, merc",,0.5,2,3,,
#HERCULANs - OP will change to match Centurion after integrated hero weapons made,,,,,,,,,,,,,,,,,,,,,,,,,,,,,,,,,,,,,,,,,,,,,,,,,,,,,
#Centurion,centurion,Heavy Frigate,Midline,damper,6,2250,500,2200,2188,175,55,,120,110,90,40,80,300,OMNI,,180,0.4,0.8,,,30,50,50,25,1,25,10,20000,8,10,240,0.25,4,4,,,,,,,,"midline_bp, merc",,0.4,2,2,,219
Stouthawk,dl_stouthawk,HERCULAN,Dalcassian,displacer,10,5000,500,4200,,250,20,,300,200,300,270,270,200,OMNI,,360,0.4,0.8,,,1,2,50,20,1,20,10,12000,10,12,,,5,5,,,,,,,,"dalcassian, dalcassian_leg_bp, hist3t, merc",,0.2,2,2,,300
Torus,dl_torus,HERCULAN,Dalcassian,displacer,10,3000,300,4200,,250,20,,250,200,200,270,270,200,OMNI,,360,0.4,0.8,,,1,2,50,20,1,20,10,12000,10,12,,,5,5,,,,,,,,"dalcassian, dalcassian_adv_bp, hist3t, merc",,0.2,2,2,,
Arise,dl_arise,HERCULAN,Dalcassian,maneuveringjets,10,3000,300,4200,,250,30,,200,200,200,270,270,200,OMNI,,360,0.4,0.8,,,1,2,50,20,1,20,10,12000,10,12,,,5,5,,,,,,,,"dalcassian, dalcassian_std_bp, hist3t, merc",,0.2,2,2,,
Felis,dl_felis,HERCULAN,Dalcassian,flarelauncher,10,3000,300,4200,,250,20,,150,200,200,270,270,200,FRONT,,160,0.4,0.8,,,1,2,50,20,1,20,10,12000,10,12,,,5,5,,,,,,,,"dalcassian, dalcassian_std_bp, hist3t, merc",,0.2,2,2,,
Felis Heavy,dl_felis_w,HERCULAN,Dalcassian,flarelauncher,10,3000,300,4200,,250,20,,150,200,200,270,270,200,FRONT,,160,0.4,0.8,,,1,2,50,20,1,20,10,12000,10,12,,,5,5,,,,,,,,"dalcassian, dalcassian_std_bp, hist3t, merc",,0.2,2,2,,
#HERC WINGS,,,,,,,,,,,,,,,,,,,,,,,,,,,,,,,,,,,,,,,,,,,,,,,,,,,,,
Felis Squadron,dl_felis_wing,,Dalcassian,flarelauncher_fighter,,1800,300,200,,50,0,,150,200,200,270,360,40,FRONT,,180,0.4,0.8,,,2,2,,,,,,,,,,,,,,,,,,,,,,0,,,,110
Felis Heavy Squadron,dl_felis_w_wing,,Dalcassian,flarelauncher_fighter,,1800,300,200,,50,0,,150,200,200,270,360,40,FRONT,,180,0.4,0.8,,,2,2,,,,,,,,,,,,,,,,,,,,,,0,,,,
Arise Squadron,dl_arise_wing,,Dalcassian,flarelauncher_fighter,,1800,300,200,,50,0,,200,200,200,270,360,40,FRONT,,180,0.4,0.8,,,2,2,,,,,,,,,,,,,,,,,,,,,,0,,,,
Torus Squadron,dl_torus_wing,,Dalcassian,displacer,,2000,300,200,,50,0,,225,200,200,270,360,40,OMNI,,360,0.4,0.8,,,1,2,,,,,,,,,,,,,,,,,,,,,,0,,,,