{
	# WEILERGUN SHOT
	"dl_weilergun_fire":
	[
		{"file":"sounds/dl_sfx_wpn_beams/dl_weilergun_fire.ogg","pitch":1,"volume":1},
		{"file":"sounds/dl_sfx_wpn_beams/dl_weilergun_fire.ogg","pitch":1.00,"volume":1.00},
        	{"file":"sounds/dl_sfx_wpn_beams/dl_weilergun_fire.ogg","pitch":0.90,"volume":1.00},
	],

	# SANCBEAMRIFLE SHOT
	"dl_sancbeamrifle_fire":
	[
		{"file":"sounds/dl_sfx_wpn_beams/dl_sancbeamrifle_fire.ogg","pitch":1,"volume":1},
		{"file":"sounds/dl_sfx_wpn_beams/dl_sancbeamrifle_fire.ogg","pitch":1.00,"volume":1.00},
        	{"file":"sounds/dl_sfx_wpn_beams/dl_sancbeamrifle_fire.ogg","pitch":0.90,"volume":1.00},
	],
	
	# ARISECHAINRIFLE AND FELISRIFLE BURST
	"dl_chainrifle_burst":
	[
		{"file":"sounds/dl_sfx_wpn_guns/dl_chaingun_burst1.ogg","pitch":1,"volume":1},
		{"file":"sounds/dl_sfx_wpn_guns/dl_chaingun_burst1.ogg","pitch":1.00,"volume":1.00},
        	{"file":"sounds/dl_sfx_wpn_guns/dl_chaingun_burst1.ogg","pitch":0.90,"volume":1.00},

	],

	# WEILERGUN LITE SHOT
	"dl_weilergun_lite_fire":
	[
		{"file":"sounds/dl_sfx_wpn_beams/dl_weilergun_lite.ogg","pitch":1,"volume":1},
		{"file":"sounds/dl_sfx_wpn_beams/dl_weilergun_lite.ogg","pitch":1.00,"volume":1.00},
        	{"file":"sounds/dl_sfx_wpn_beams/dl_weilergun_lite.ogg","pitch":0.90,"volume":1.00},

	],

	# GILBERT HEAVY BEAM CANNON & SCHLAG BEAM CANNON
	"dl_gilbert_fire":
	[
		{"file":"sounds/dl_sfx_wpn_beams/dl_beam_cannon_green.ogg","pitch":1,"volume":1},
		{"file":"sounds/dl_sfx_wpn_beams/dl_beam_cannon_green2.ogg","pitch":1.00,"volume":1.00},
        	{"file":"sounds/dl_sfx_wpn_beams/dl_beam_cannon_green.ogg","pitch":0.90,"volume":1.00},
        	{"file":"sounds/dl_sfx_wpn_beams/dl_beam_cannon_green2.ogg","pitch":0.90,"volume":1.00},

	],

	# LANZE BURST
	"dl_lanze_burst":
	[
		{"file":"sounds/dl_sfx_wpn_guns/dl_lanze_burst.ogg","pitch":1,"volume":1},
		{"file":"sounds/dl_sfx_wpn_guns/dl_lanze_burst.ogg","pitch":0.90,"volume":1.00},
		{"file":"sounds/dl_sfx_wpn_guns/dl_lanze_burst2.ogg","pitch":1,"volume":1},
		{"file":"sounds/dl_sfx_wpn_guns/dl_lanze_burst2.ogg","pitch":0.90,"volume":1.00},

	],

	# ZUPFEN BURST
	"dl_zupfen_burst":
	[
		{"file":"sounds/dl_sfx_wpn_guns/dl_zupfen_burst.ogg","pitch":1,"volume":1},
		{"file":"sounds/dl_sfx_wpn_guns/dl_zupfen_burst.ogg","pitch":0.90,"volume":1.00},

	],

	# EXPLOSIVE IMPACT
	"dl_explosive_impact":
	[
		{"file":"sounds/dl_sfx_wpn_missiles/dl_explosive_impact.ogg","pitch":1,"volume":1},
		{"file":"sounds/dl_sfx_wpn_missiles/dl_explosive_impact.ogg","pitch":0.90,"volume":1.00},

	],

	# EXPLOSIVE IMPACT w/ EMP
	"dl_explosive_impact_emp":
	[
		{"file":"sounds/dl_sfx_wpn_missiles/dl_explosive_impact_emp.ogg","pitch":1,"volume":1},
		{"file":"sounds/dl_sfx_wpn_missiles/dl_explosive_impact_emp.ogg","pitch":0.90,"volume":1.00},

	],

	# HEAVY MISSILE LAUNCH
	"dl_hvy_missile_launch":
	[
		{"file":"sounds/dl_sfx_wpn_missiles/dl_heavy_missile_launch_1.ogg","pitch":1,"volume":1},
		{"file":"sounds/dl_sfx_wpn_missiles/dl_heavy_missile_launch_1.ogg","pitch":0.90,"volume":1.00},
		{"file":"sounds/dl_sfx_wpn_missiles/dl_heavy_missile_launch_2.ogg","pitch":1,"volume":1},
		{"file":"sounds/dl_sfx_wpn_missiles/dl_heavy_missile_launch_2.ogg","pitch":0.90,"volume":1.00},
		{"file":"sounds/dl_sfx_wpn_missiles/dl_heavy_missile_launch_3.ogg","pitch":1,"volume":1},
		{"file":"sounds/dl_sfx_wpn_missiles/dl_heavy_missile_launch_3.ogg","pitch":0.90,"volume":1.00},

	],

	# LIGHT MISSILE LAUNCH
	"dl_light_missile_launch":
	[
		{"file":"sounds/dl_sfx_wpn_missiles/dl_light_missile_launch_1.ogg","pitch":1,"volume":1},
		{"file":"sounds/dl_sfx_wpn_missiles/dl_light_missile_launch_1.ogg","pitch":0.90,"volume":1.00},
		{"file":"sounds/dl_sfx_wpn_missiles/dl_light_missile_launch_2.ogg","pitch":1,"volume":1},
		{"file":"sounds/dl_sfx_wpn_missiles/dl_light_missile_launch_2.ogg","pitch":0.90,"volume":1.00},

	],


	# HEAVENBOLT SALVO
	"dl_heavenbolt_salvo":
	[
		{"file":"sounds/dl_sfx_wpn_missiles/dl_heavenbolt_salvo.ogg","pitch":1,"volume":1},
		{"file":"sounds/dl_sfx_wpn_missiles/dl_heavenbolt_salvo.ogg","pitch":0.90,"volume":1.00},


	],
    
}
