{
	# should be a copy of "combatSmall", minus variants that are annoying to fight in low numbers
	# for example, no Hyperions or fast beam-based kiting loadouts, or ships with damper field
	"combatSmallForSmallFleet":{
		"dl_felis_Standard":10,
		"dl_arise_Strike":10,
		"dl_arise_Escort":10,
		"dl_felis_w_AS":2,
		"dl_weekend_Standard":5,
		"dl_weekend_Strike":2,
		
		"fallback":{"combatSmall":1},
	},
	"combatSmall":{
		"dl_felis_Standard":10,
		"dl_arise_Strike":10,
		"dl_arise_Escort":10,
		"dl_felis_w_AS":5,
		"dl_weekend_Standard":5,
		"dl_weekend_Strike":2,
		"dl_mandela_Missile":5,
		"dl_mandela_Standard":5,
		"dl_mandela_refit_Standard":4,
	
		"fallback":{"combatMedium":0.5},
	},
	"combatMedium":{
		"dl_felis_Standard":10,
		"dl_arise_Strike":10,
		"dl_arise_Escort":10,
		"dl_felis_w_AS":5,
		"dl_torus_Sanc":3,
		"dl_weekend_Standard":5,
		"dl_weekend_Strike":5,
		"dl_mandela_Missile":5,
		"dl_mandela_Standard":5,
		"dl_mandela_Swarm":2,
		"dl_mandela_refit_Standard":3,

		"fallback":{"combatSmall":1},
	},
	"combatLarge":{
		"dl_felis_Standard":10,
		"dl_arise_Strike":10,
		"dl_arise_Escort":10,
		"dl_felis_w_AS":5,
		"dl_torus_Sanc":5,
		"dl_weekend_Standard":5,
		"dl_weekend_Strike":5,
		"dl_mandela_Missile":5,
		"dl_mandela_Standard":5,
		"dl_mandela_Swarm":1,
		"dl_mandela_refit_Standard":4,
		"dl_ajax_Standard":3,
		"dl_ajax_refit_Flagship":2,
		"dl_ajax_refit_Blackops":1,
		"dl_mandela_refit_Blackops":2,

		"fallback":{"combatMedium":1},
	},
	"combatCapital":{
		"dl_torus_Sanc":10,
		"dl_felis_Standard":10,
		"dl_felis_w_AS":3,
		"dl_ajax_Standard":7,
		"dl_ajax_refit_Flagship":6,
		"dl_ajax_refit_Blackops":2,
		"dl_mandela_refit_Blackops":3,
		"dl_weekend_Standard":8,
		"dl_weekend_Strike":8,
		"dl_mandela_Missile":8,
		"dl_mandela_Standard":8,
		"dl_mandela_Swarm":6,
		"dl_mandela_refit_Standard":4,
		"dl_stouthawk_Weilergun":1,
		
		"fallback":{"combatLarge":1},
	},
			
	# freighters
	"freighterLarge":{
		"atlas_Standard":10,
		"prometheus_Super":10,
	},
		
}