id,type,text1,text2,text3,text4,notes
#LOGISTICS,,,,,,
dl_demeter,SHIP,"The Chiron-class is the mainstay hull used by the Dalcassian Navy to fill the intermediate logistics and resupply role. Capable of mounting a multitude of storage systems in its ample ventral cargo grapplers, the Chiron can be seen ferrying fuel, cargo and even armed personnel throughout Dalcassian space. Utilizing the standarized and ubiquitous container system used by the Buffalo, the resulting Demeter-class is capable of carrying more than twice its capacity.",,,,
dl_ponos,SHIP,"Based on a failed dedicated HERCULAN carrier design, the Polus hull was repurposed into a modular super-heavy logistics platform. Resembling a gigantic 'space-needle', the Polus' extensive network of external HERC hardpoints, armour plating and weapony have been stripped in favour of a radial magneto-gravitic cargo mounting system. The Polus' long needle body acts as the axis around which modular logistics modules are attached, while its massive rounded bow protects the vulnerable cargo. By utilizing Atlas-compatible container gantries, the Ponos-class serves to restock Dalcassian outposts and strongholds in the Persean Sector as well as form the bulk of Dalcassian commerce fleets.",,,,
dl_aura,SHIP,"The Chiron-class is the mainstay hull used by the Dalcassian Navy to fill the intermediate logistics and resupply role. Capable of mounting a multitude of storage systems in its ample ventral cargo grapplers, the Chiron can be seen ferrying fuel, cargo and even armed personnel throughout Dalcassian space. Containing a generous anti-matter capacity and micro refining system, the resulting Aura-class serves to extend the ranges of Dalcassian shipping throughout the sector.",,,,
dl_astraeus,SHIP,"Based on a failed dedicated HERCULAN carrier design, the Polus hull was repurposed into a modular super-heavy logistics platform. Resembling a gigantic 'space-needle', the Polus' extensive network of external HERC hardpoints, armour plating and weapony have been stripped in favour of a radial magneto-gravitic cargo mounting system. The Polus' long needle body acts as the axis around which modular logistics modules are attached, while its massive rounded bow protects the vulnerable cargo. Outfitting the Polus with a titanic semi-cylindrical fuel tank results in the Astraeus-class, a super-heavy tanker capable of maintaining the vast fleets of the Dalcassian Navy.",,,,
dl_hypnos,SHIP,"The Chiron-class is the mainstay hull used by the Dalcassian Navy to fill the intermediate logistics and resupply role. Capable of mounting a multitude of storage systems in its ample ventral cargo grapplers, the Chiron can be seen ferrying fuel, cargo and even armed personnel throughout Dalcassian space. By stripping its cargo grapplers and affixing a ventral engineering suite, the resulting Hypnos class is capable of breaking apart or even recovering space-borne wrecks. ",,,,
dl_chiron,SHIP,"Purpose-built Navy Chirons intended for Troop Transport are almost unrecognizable from their civilian counterparts, with military-grade propulsion systems and a significant and noticeable amount of armor present replacing the commonly seen storage and cargo systems. With the capability to support up to a regiment at a time by deploying them in combat, providing dedicated fire-support and campaign maintenance over extended periods, the Chiron has proven itself many a time in the Persean Sector.",,,,
#WARSHIPS,,,,,,
dl_ajax,SHIP,"Often considered one of the main reasons for the Dalcassian League remaining an independent fiefdom in the face of much larger opponents in the Persean sector, the Ajax-class is the largest warship in Dalcassian fleets. Sturdily built with fearsome frontal firepower, the Ajax perfectly encompasses the Dalcassian fleet strategy of forming a pike wall facing the enemy with vulnerable rears protected by friendly escorts and HERC units.",,,,
dl_ajax_refit,SHIP,"With the advent of the Dalcassian HERCULAN, it soon became apparent that the League Fleets did not have a dedicated carrier equipped to house the necessary equipment to field them. Standard designs throughout the Sector often did not have enough clearance for the larger HERC units to emerge. While early experiments with externally mounted hardpoints for HERCs failed spectacularly, League shipbuilders soon turned to the venerable Ajax hull. Losing a significant amount of armour and removing spinal storage for one each of its main and secondary guns, the Ajax Refit soon proved to be a successful Battlecarrier in its own right.",,,,
dl_mandela,SHIP,"The Mandela was designed from the ground up to be a heavy escort Cruiser. Often situated alongside the larger Ajax Battleships or leading small inner system patrols, this vessel is equally at home lending long range fire support to Dalcassian pike walls or taking care of agile enemy flanking forces.",,,,
dl_mandela_refit,SHIP,"Requiring a smaller HERC Carrier than the Ajax Refit, a similar project was started upon the Mandela class hull. Surprisingly, by removing the rear facing main gun and utilizing an internal hangar and dual external launch rail system the Mandela Refit is capable of fielding two Squadrons worth of HERCs with minimal reductions in its own combat effectiveness.",,,,
dl_weekend,SHIP,"A quintessential part of Dalcassian fleet formations, the Weekend class' incredible missile capacity is only beaten by its mission flexibility. Used to fend off smaller enemy vessels, HERC-sized combatants and even to strike hard against targets much larger than itself, this frigate is a common sight in Dalcassian systems.",,,,
#HERCULANs,,,,,,
dl_stouthawk,SHIP,"Considered the father of all HERCULANs, the Stouthawk is a prototype Commander suit that never reached mass production. With its sturdy construction - necessary to withstand its impressive top speed and acceleration, the Stouthawk is capable of shifting a battle almost all on its own.",,,,
dl_felis,SHIP,"One of the earliest mass produced general purpose HERCs, the Felis is widely considered to be the staple model against which all subsequent designs are tested against. Dependable performance and a wide variety of available armaments ensures the Felis remains a potent threat despite its growing age.",,,,
dl_felis_w,SHIP,"One of the earliest mass produced general purpose HERCs, the Felis is widely considered to be the staple model against which all subsequent designs are tested against. Dependable performance and a wide variety of available armaments ensures the Felis remains a potent threat despite its growing age.",,,,
dl_arise,SHIP,"The Arise is a mass produced general purpose HERC, designed to improve upon the Felis model in both firepower and maneuverability. Its network of vernier thrusters and modular weapon hardpoint systems boast a marked improvement over its predecessor.",,,,
dl_torus,SHIP,"A high-performance machine designed as a space superiority HERCULAN, the Torus is noted for fighting at high speeds and performing incredible maneuvers. Capable of destroying vessels much greater than its own size due to its superior blend of speed and firepower, this HERC is a nightmare on the battlefield - often relegated to Special taskgroups and black operations.",,,,
#HERC WINGS,,,,,,
dl_felis_wing,SHIP,"One of the earliest mass produced general purpose HERCs, the Felis is widely considered to be the staple model against which all subsequent designs are tested against. Dependable performance and a wide variety of available armaments ensures the Felis remains a potent threat despite its growing age. This LPC contains enough for a standard carrier replication unit to field a squadron of Felis HERCs.",,,,
dl_felis_w_wing,SHIP,"One of the earliest mass produced general purpose HERCs, the Felis is widely considered to be the staple model against which all subsequent designs are tested against. Dependable performance and a wide variety of available armaments ensures the Felis remains a potent threat despite its growing age. This LPC contains enough for a standard carrier replication unit to field a squadron of Felis HERCs.",,,,
dl_arise_wing,SHIP,"The Arise is a mass produced general purpose HERC, designed to improve upon the Felis model in both firepower and maneuverability. Its network of vernier thrusters and modular weapon hardpoint systems boast a marked improvement over its predecessor. This LPC contains enough for a standard carrier replication unit to field a squadron of Arise HERCs.",,,,
dl_torus_wing,SHIP,"A high-performance machine designed as a space superiority HERCULAN, the Torus is noted for fighting at high speeds and performing incredible maneuvers. Capable of destroying vessels much greater than its own size due to its superior blend of speed and firepower, this HERC is a nightmare on the battlefield - often relegated to Special taskgroups and black operations. This LPC contains enough for a standard carrier replication unit to field a squadron of Torus HERCs.",,,,
#HERCULAN WEAPONS & SUBCOMPONENTS,,,,,,
dl_weilergun,WEAPON,"Mounted on the right shoulder, this high-powered beam cartridge gun is the Stouthawk's primary ranged weapon and is capable of destroying even heavily armored targets and capital ships easily. 

It fires its blasts at an excellent rate and can shoot accurately over a long range. A similar ballistic weapon was eventually developed for the Felis, but only Stouthawk can withstand the original Weilergun's recoil.",,,,
dl_torus_left_arm_darkstar,WEAPON,"The M22 'Darkstar' CIWS was made entirely with the Torus HERCULAN in mind. Considered the next-generation of high-energy short-range beam weaponry, HERCULAN pilots are often reminded not to try and clash it's coherent energy beam with similar foreign weapons.",,,,
dl_sancbeamrifle,WEAPON,"The standard armament of the Torus, the 'Sanc' Beam Rifle is a close to mid-range energy weapon with considerable firepower and an excellent rate of fire.",,,,
dl_sancbeamrifle_wing,WEAPON,"The standard armament of the Torus, the 'Sanc' Beam Rifle is a close to mid-range energy weapon with considerable firepower and an excellent rate of fire.",,,,
dl_arisechainrifle,WEAPON,"The humble Chain Rifle is a dependable source of close to mid-ranged firepower for the Arise. While it struggles against heavily armored targets, it is more than capable of interdicting light targets as well as taxing shields heavily.",,,,
dl_arisechainrifle_wing,WEAPON,"The humble Chain Rifle is a dependable source of close to mid-ranged firepower for the Arise. While it struggles against heavily armored targets, it is more than capable of interdicting light targets as well as taxing shields heavily.",,,,
dl_felisrifle,WEAPON,"The humble Chain Rifle is a dependable source of close to mid-ranged firepower for the Felis. While it struggles against heavily armored targets, it is more than capable of interdicting light targets as well as taxing shields heavily.",,,,
dl_felisrifle_wing,WEAPON,"The humble Chain Rifle is a dependable source of close to mid-ranged firepower for the Felis. While it struggles against heavily armored targets, it is more than capable of interdicting light targets as well as taxing shields heavily.",,,,
dl_weilergun_lite,WEAPON,"Mounted on the right shoulder, this high-calibre ballistic weapon is intended to take on capital ships and other armoured targets. 

It fires shells accurately over a long range. A mass produced version of the original Weilergun developed for the Stouthawk, this variant was downscaled appropriately for the similarly mass produced Felis.",,,,
dl_weilergun_lite_wing,WEAPON,"Mounted on the right shoulder, this high-calibre ballistic weapon is intended to take on capital ships and other armoured targets. 

It fires shells accurately over a long range. A mass produced version of the original Weilergun developed for the Stouthawk, this variant was downscaled appropriately for the similarly mass produced Felis.",,,,
dl_stouthawk_head,WEAPON,"The AN/APG-00 FCS is a relic of a bygone era. Superior to nearly any FCS integrated or otherwise, built with techniques long forgotten after the collapse, only a single question remains... How tf did you get this?",,,,
dl_stouthawk_head_plume,WEAPON,"The AN/APG-00P FCS 'Plume' relies on exotic and long forgotten techniques to allow the Stouthawk to target, track and hit multiple targets in the often chaotic morass fleet engagements devolve into. While efforts to replicate this module have often resulted in failure, every subsequent Dalcassian FCS can trace its lineage to the original.",,,,
dl_stouthawk_left_arm_shield,WEAPON,"Essentially a beam resistant, heavily armored shield - the XM61 CIWS is capable of sustaining huge amounts of damage before failing. While the irreplaceable materials necessary to create this shield en mass are no longer available, this defensive system is critical to maintaining the Stouthawk in battle, while also playing into its 'knightly' motif.",,,,
dl_stouthawk_left_thruster,WEAPON,"Being the largest HERCULAN in existence to date, the Stouthawk required enormous amounts of thrust for maneuvers. The JTD11D-20A Thruster system was both the solution to the Stouthawk's problems, as well as the nail in its plans for mass production. While its thrust promised to make the Stouthawk the fastest unit in the Dalcassian Armada, the sheer stress and G-forces placed on the Stouthawk's crew made it too much of a 'wild horse' for anyone to handle. ",,,,
dl_stouthawk_right_thruster,WEAPON,"Being the largest HERCULAN in existence to date, the Stouthawk required enormous amounts of thrust for maneuvers. The JTD11D-20A Thruster system was both the solution to the Stouthawk's problems, as well as the nail in its plans for mass production. While its thrust promised to make the Stouthawk the fastest unit in the Dalcassian Armada, the sheer stress and G-forces placed on the Stouthawk's crew made it too much of a 'wild horse' for anyone to handle. ",,,,
dl_stouthawk_left_shoulder,WEAPON,"Working in concert with its fire control system, the XM12/SUU-16/A HM is a unitary designation for the 'Humaniform Manipulators' all HERCULANs share to date. Containing a network of servos and micro-fillament muscle-emulating fibers held within a ""hyperalloy combat chassis"", these HMs are often replicated in contemporary HERCULAN design, but never have yet to be duplicated.   ",,,,
dl_stouthawk_right_shoulder,WEAPON,"Working in concert with its fire control system, the XM12/SUU-16/A HM is a unitary designation for the 'Humaniform Manipulators' all HERCULANs share to date. Containing a network of servos and micro-fillament muscle-emulating fibers held within a ""hyperalloy combat chassis"", these HMs are often replicated in contemporary HERCULAN design, but never have yet to be duplicated.   ",,,,
dl_torus_left_thruster,WEAPON,"In one of many attempts to duplicate the Stouthawk's remarkable speed in a mass-producible format, the RJ43-MA-7 Thruster system was born. Utilizing a completely different pulsed propulsion profile from the Stouthawk, the Torus HERCULAN is able to perform feats of speed and maneuverability comparable to the Stouthawk in a package smaller than the Arise.",,,,
dl_torus_right_thruster,WEAPON,"In one of many attempts to duplicate the Stouthawk's remarkable speed in a mass-producible format, the RJ43-MA-7 Thruster system was born. Utilizing a completely different pulsed propulsion profile from the Stouthawk, the Torus HERCULAN is able to perform feats of speed and maneuverability comparable to the Stouthawk in a package smaller than the Arise.",,,,
dl_torus_left_shoulder,WEAPON,"With its harsh, angular design the Torus blurs the 'Humaniform' moniker, its Manipulators being no different. The MMP-35/A Humaniform Manipulator line was manufactured with the latest Dalcassian material and engineering techniques to provide a sleek, yet functional design. A marked improvement over its predecessors, they are compatible with all HERCULAN-grade Dalcassian weapons +not implemented yet+.",,,,
dl_torus_right_shoulder,WEAPON,"With its harsh, angular design the Torus blurs the 'Humaniform' moniker, its Manipulators being no different. The MMP-35/A Humaniform Manipulator line was manufactured with the latest Dalcassian material and engineering techniques to provide a sleek, yet functional design. A marked improvement over its predecessors, they are compatible with all HERCULAN-grade Dalcassian weapons +not implemented yet+.",,,,
dl_arise_head,WEAPON,The APG-65 FCS is a marked improvement from the Felis' own fire control system. It is intended to govern not only the Manipulator-held weapons a HERCULAN unit would normally carry into battle but also the hardpoint mounted missile weaponry the Arise's distinctive design includes. ,,,,
dl_arise_left_arm,WEAPON,"While not as physically powerful as other Humaniform Manipulator lines, the M12 CIWS HM system is intended as a light weight solution that still affords the Arise access to hand held HERCULAN weaponry while also leaving aerodynamic properties intact.",,,,
dl_arise_left_thruster,WEAPON,"The RR-408 Thruster system is a powerful, high speed, back mounted flight unit that is capable of a 'multi-thrust' system enabling it to include in-atmosphere aerial combat in addition to the usual Dalcassian fleet engagements in its capabilities. Indeed, Dalcassian troop landers are often escorted by Arise squadrons with their protection spanning all the way from near-atmosphere to close air support for Dalcassian operations.",,,,
dl_arise_right_thruster,WEAPON,"The RR-408 Thruster system is a powerful, high speed, back mounted flight unit that is capable of a 'multi-thrust' system enabling it to include in-atmosphere aerial combat in addition to the usual Dalcassian fleet engagements in its capabilities. Indeed, Dalcassian troop landers are often escorted by Arise squadrons with their protection spanning all the way from near-atmosphere to close air support for Dalcassian operations.",,,,
dl_felis_head,WEAPON,"The first fire control system ever derived by Dalcassian engineering, the AN/APG-01 FCS is a robust, 'jack-of-all trades' system capable of synchronizing itself to the entire arsenal of Dalcassian HERCULAN manipulator-held weaponry. While current HERCULAN pilots may call the system dated, nevertheless, it has allowed the Felis to be deployed in nearly every combat theatre in a variety of roles.",,,,
dl_felis_left_arm_shield,WEAPON,"Essentially a mass-produced version of the Stouthawk's own XM61 shield, the M61 CIWS affords comparable levels of protection to the Felis HERCULAN when equipped. ",,,,
dl_felis_left_shoulder,WEAPON,"Working in concert with its fire control system, the M12/SUU-16/A HM is a unitary designation for the 'Humaniform Manipulators' all HERCULANs share to date. Containing a network of servos and micro-fillament muscle-emulating fibers held within a ""hyperalloy combat chassis"", these HMs are often replicated in contemporary HERCULAN design, but have never been duplicated.  ",,,,
dl_felis_right_shoulder,WEAPON,"Working in concert with its fire control system, the M12/SUU-16/A HM is a unitary designation for the 'Humaniform Manipulators' all HERCULANs share to date. Containing a network of servos and micro-fillament muscle-emulating fibers held within a ""hyperalloy combat chassis"", these HMs are often replicated in contemporary HERCULAN design, but have never been duplicated.  ",,,,
dl_gilbert,WEAPON,"The ""Gilbert Mk.71"" 225cm Dual High-energy Beam Cannon is the heaviest general purpose capital-grade weapon in the League's arsenal. It is around this fundamental cornerstone that the famed Dalcassian pike wall is built. The Gilbert is used in conjunction with the other members of the wall to both pick apart enemy capital ships as well as break apart large enemy formations.",,,,
dl_schlag,WEAPON,"The ""Schlag"" is the 180cm younger sibling of the ""Gilbert Mk.71"". Originally designed to be used in Dalcassian pike wall formations alongside the heavier Gilbert, the Schlag is a strong choice for a general purpose beam weapon.",,,,
dl_lanze,WEAPON,"The ""Lanze"" 155mm Close-In Weapon System is a heavy shell-firing cannon designed as both a point defense gun as well as a close-ranged anti-armor weapon. Lanze batteries are often found tearing apart smaller vessels just as much as missiles and strikecraft in the most perilous of fleet engagements.",,,,
dl_zupfen,WEAPON,"The ""Zupfen"" is a dependable 75mm Dual-barrelled shell-firing gun system. Despite its role as a point defense unit, the Zupfen's semi-armour piercing high explosive shells can also shred enemy ship armor in the brutal knife fights Dalcassian fleet engagements often devolve into.",,,,
dl_heavenbolt_medium,WEAPON,"Suitable for intercepting both incoming ordinance and strikecraft, the ""Heavenbolt"" is a small, short-ranged and high speed missile. It is designed to weave in and out of Dalcassian fleet formations to protect against nimble threats that the pike wall would otherwise have trouble keeping up with. This multiple-launch system was originally designed for the Weekend-class' large storage bays to provide Dalcassian patrols with much needed point defense.",,,,
dl_heavenbolt_large,WEAPON,"Suitable for intercepting both incoming ordinance and strikecraft, the ""Heavenbolt"" is a small, short-ranged and high speed missile. It is designed to weave in and out of Dalcassian fleet formations to protect against nimble threats that the pike wall would otherwise have trouble keeping up with. Several times larger than its smaller cousin, this fully integrated missile system is equipped with a built-in autoforging system - ensuring that even the largest Dalcassian fleet movements are covered against all threats.",,,,
dl_saracusa_small,WEAPON,"Designed to project immense explosive power into enemy shipping in an anti-armour role, the ""Saracusa"" is a frighteningly nimble heavy anti-ship missile. Often times as single salvo of Saracusas impacting an unshielded target is enough to destroy outright, if not cripple even the largest enemy capital ships. A triple-barreled tube system, this platform allows for even the smallest Dalcassian vessels to take down targets much larger than themselves.",,,,
dl_saracusa_medium,WEAPON,"Designed to project immense explosive power into enemy shipping in an anti-armour role, the ""Saracusa"" is a frighteningly nimble heavy anti-ship missile. Often times as single salvo of Saracusas impacting an unshielded target is enough to destroy outright, if not cripple even the largest enemy capital ships. A dual-launch firing solution paired with integrated hull-mounted magazine ensures that the Saracusa remains a sustained threat even in longer fleet engagements.",,,,
dl_saracusa_large,WEAPON,"Designed to project immense explosive power into enemy shipping in an anti-armour role, the ""Saracusa"" is a frighteningly nimble heavy anti-ship missile. Often times as single salvo of Saracusas impacting an unshielded target is enough to destroy outright, if not cripple even the largest enemy capital ships. The largest Dalcassian platform capable of holding the Saracusa, this integrated launch solution allows for a deluge of firepower to fill in the ranks of Dalcassian pike walls in even the largest battles.",,,,
dl_plasma_driver_small,WEAPON,"With technology derived from an ancient ""colony purification weapon"", the Plasma Driver Missile uses an exotic cocktail of irreplicable techniques to form a directed plasma field on impact. Originally intended to burn out cellular tissue with ultra high frequency waves, this weapon after being scaled to starship size is now capable of equally smashing shields, armour and hull. A triple-barreled tube system, this platform allows for even the smallest Dalcassian vessels to take down targets much larger than themselves.",,,,
dl_plasma_driver_medium,WEAPON,"With technology derived from an ancient ""colony purification weapon"", the Plasma Driver Missile uses an exotic cocktail of irreplicable techniques to form a directed plasma field on impact. Originally intended to burn out cellular tissue with ultra high frequency waves, this weapon after being scaled to starship size is now capable of equally smashing shields, armour and hull. A dual-launch firing solution paired with integrated hull-mounted magazine ensures that heavy Dalcassian missiles remain a sustained threat even in longer fleet engagements.",,,,
dl_plasma_driver_large,WEAPON,"With technology derived from an ancient ""colony purification weapon"", the Plasma Driver Missile uses an exotic cocktail of irreplicable techniques to form a directed plasma field on impact. Originally intended to burn out cellular tissue with ultra high frequency waves, this weapon after being scaled to starship size is now capable of equally smashing shields, armour and hull. This integrated heavy launch solution allows for a deluge of firepower to fill in the ranks of Dalcassian pike walls in even the biggest slugfests.",,,,
#CELESTIAL BODIES,,,,,,
dl_star_dalcass,CUSTOM,"The star 'Dalcass', named after the ancient and long dead patron of House Dalcassius, glows with a vibrant golden hue. A peculiar anomaly, this star forms the basis for all Dalcassian heraldry together with its sister star, 'Belissarius'",,,,
dl_star_belissarius,CUSTOM,"'Belissarius', a much more conventional star compared to its smaller sister Sun 'Dalcassius' forms the second part of the binary Dalcass system. Again, named after the originator of House Dalcassius, it is often depicted in Dalcassian iconography as a ring due to its close proximity to the Dalcass Gate.",,,,
dl_planet_dalcassia,CUSTOM,"The Capital of the Dalcassian League - Dalcassia was originally settled by the antecedents of House Dalcassius and currently serves as the current seat of power in the League. Dalcassia's once lush praires are now dotted with the structures, industries and lifelines of the Dalcassian ecumenopolis. ",,,,
dl_planet_armageddyn,CUSTOM,"The Industrial Planet Armageddyn was the second planet in the Dalcass system to be settled in the early days of the League. A critical lifeline for the system, its long network of pipelines, super-forges and immense refining facilities dot the planet and pump the lifeblood of the Dalcassian economy throughout the Persean sector. Its orbital network of space-forges fuel and manufacture the proud Dalcassian fleets.",,,,
dl_planet_infyrno,CUSTOM,"The Wartorn crucible of Infyrno was originally settled by two long forgotten warring Houses. The centuries of warfare that struck the planet have long turned its landscape harsh and irrecognizeable from the fertile terran world it once was. While the battles have long ended and their combatants now an indistinguishable part of the Dalcassian League of Associated Planets, it now serves as a training planet for the Dalcassian Navy and armed forces. Due to its close proximity to both the Dalcass jumppoint and Dalcass Gate, it is frequently the site of battle anew.",,,,
#FACTIONS,,,,,,
dalcassian,FACTION,"The Dalcassian League of Associated Planets, or simply the Dalcassian League, is a relatively isolated pocket fiefdom in the Persean Sector. Largely contained in the Binary Dalcass system, the League as been able to avoid being incorporated by one of the larger factions through a combination of guile, diplomatic maneuvering and a sturdy military industrial complex. While there does exist a distinct aristocratic class, the day-to-day lives of the standard Dalcassian citizen are not that much different from that of a late 21st century one. There are poets, scientists, artists and warriors throughout the League. While the League itself is a fairly isolated political entity, its citizens can be found from Hybrasil all the way to Kazeron as independent mercenaries or private citizens.

Dalcassian warships are often heavily armoured and have an emphasis on staying power rather than mobility or firepower. Their emphasis on long range beam weaponry coupled with short to mid range ballistic multi-purpose guns and missile systems mean that while they do struggle against enemy shields, they excel at pulverizing enemy armor and incoming missiles and strikecraft. Larger Dalcassian vessels are often retrofitted to support small numbers of strikecraft - indeed during the early days of the League after the great Collapse, early encounters with both Hegemony and pirate incursions revealed a glaringly obvious lack of carrier capacity.

Dalcassian fleets adhere to what is called the 'Pike Wall' doctrine - battlegroups are normally built around a number of key capital ships with heavy escorts and lighter destroyers filling in the gaps. Mighty Ajax-class flagships provide long ranged fire in a front arc that is heavily coordinated to both pick apart enemy capital shipping while also breaking apart large formations of enemy vessels. Smaller vessels contribute to this directed fire or provide protection to the vulnerable flanks and rear. The Pike Wall is largely suited to the League's defensive nature and is a result of the many defensive fleet actions in the Dalcass system against would be attackers. While there is much that can be said about the flexibility of the Pike Wall, it has none-the-less kept the League as a fully autonomous faction. 

The backbone of the League's successes, however, would be their signature ""Humaniform-emulating Reactive Combat Units with Link-Automated ordiNance"" - HERCULANs or HERCs for short. These fully articulated battle units are often piloted by the most skilled - or insane - Captains in the League Armada. Capable of a stunning amount of firepower and staying power in such a small, frigate-sized package, the League touts a wide arsenal of HERCs to fill out a variety of roles in the Dalcassian fleets. These vessels are more than capable of operating independently of carriers unlike conventional strike craft.",,,,