id,type,text1,text2,text3,text4,notes
#WARSHIPS,,,,,,
dl_ajax,SHIP,"Often considered one of the main reasons for the Dalcassian League remaining an independent fiefdom in the face of much larger opponents in the Persean sector, the Ajax-class is the largest warship in Dalcassian fleets. Sturdily built with fearsome frontal firepower, the Ajax perfectly encompasses the Dalcassian fleet strategy of forming a pike wall facing the enemy with vulernable rears protected by friendly escorts and HERC units.",,,,
dl_mandela,SHIP,"The Mandela was designed from the ground up to be a heavy escort Cruiser. Often situated alongside the larger Ajax Battleships or leading small inner system patrols, this vessel is equally at home lending long range fire support to Dalcassian pike walls or taking care of agile enemy flanking forces.",,,,
dl_weekend,SHIP,"A quintessential part of Dalcassian fleet formations, the Weekend class' incredible missile capacity is only beaten by its mission flexibility. Used to fend off smaller enemy vessels, HERC-sized combatants and even to strike hard against targets much larger than itself, this frigate is a common sight in Dalcassian systems.",,,,
#SCHWEREMETALL,,,,,,
dl_stouthawk,SHIP,"Considered the father of all HERCULANs, the Stouthawk is a prototype Commander suit that never reached mass production. With its sturdy construction - necessary to withstand its impressive top speed and acceleration, the Stouthawk is capable of shifting a battle almost all on its own.",,,,
dl_felis,SHIP,"One of the earliest mass produced general purpose HERCs, the Felis is widely considered to be the staple model against which all subsequent designs are tested against. Dependable performance and a wide variety of available armaments ensures the Felis remains a potent threat despite its growing age.",,,,
dl_felis_w,SHIP,"One of the earliest mass produced general purpose HERCs, the Felis is widely considered to be the staple model against which all subsequent designs are tested against. Dependable performance and a wide variety of available armaments ensures the Felis remains a potent threat despite its growing age.",,,,
dl_arise,SHIP,"The Arise is a mass produced general purpose HERC, designed to improve upon the Felis model in both firepower and maneuverability. Its network of vernier thrusters and modular weapon hardpoint systems boast a marked improvement over its predecessor.",,,,
dl_torus,SHIP,"A high-performance machine designed as a space superiority HERCULAN, the Torus is noted for fighting at high speeds and performing incredible maneuvers. Capable of destroying vessels much greater than its own size due to its superior blend of speed and firepower, this HERC is a nightmare on the battlefield - often relegated to Special taskgroups and black operations.",,,,
#HERCULAN WEAPONS & SUBCOMPONENTS,,,,,,
dl_weilergun,WEAPON,"Mounted on the right shoulder, this high-powered beam cartridge gun is the Stouthawk's primary ranged weapon and is capable of destroying even heavily armored targets and capital ships easily. 

It fires its blasts at an excellent rate and can shoot accurately over a long range. A similar ballistic weapon was eventually developed for the Felis, but only Stouthawk can withstand the original Weilergun's recoil.",,,,
dl_sancbeamrifle,WEAPON,"The standard armament of the Torus, the 'Sanc' Beam Rifle is a close to mid-range energy weapon with considerable firepower and an excellent rate of fire.",,,,
dl_arisechainrifle,WEAPON,"The humble Chain Rifle is a dependable source of close to mid-ranged firepower for the Arise. While it struggles against heavily armored targets, it is more than capable of interdicting light targets as well as taxing shields heavily.",,,,
dl_felisrifle,WEAPON,"The humble Chain Rifle is a dependable source of close to mid-ranged firepower for the Felis. While it struggles against heavily armored targets, it is more than capable of interdicting light targets as well as taxing shields heavily.",,,,
dl_weilergun_lite,WEAPON,"Mounted on the right shoulder, this high-calibre ballistic weapon is intended to take on capital ships and other armoured targets. 

It fires shells accurately over a long range. A mass produced version of the original Weilergun developed for the Stouthawk, this variant was downscaled appropriately for the similarly mass produced Felis.",,,,
#WARSHIP WEAPONS,,,,,,
dl_gilbert,WEAPON,"The ""Gilbert Mk.71"" 225cm Dual High-energy Beam Cannon is the heaviest general purpose capital-grade weapon in the League's arsenal. It is around this fundamental cornerstone that the famed Dalcassian pike wall is built. The Gilbert is used in conjunction with the other members of the wall to both pick apart enemy capital ships as well as break apart large enemy formations.",,,,
dl_schlag,WEAPON,"The ""Schlag"" is the 180cm younger sibling of the ""Gilbert Mk.71"". Originally designed to be used in Dalcassian pike wall formations alongside the heavier Gilbert, the Schlag is a strong choice for a general purpose beam weapon.",,,,
dl_lanze,WEAPON,"The ""Lanze"" 155mm Close-In Weapon System is a heavy shell-firing cannon designed as both a point defense gun as well as a close-ranged anti-armor weapon. Lanze batteries are often found tearing apart smaller vessels just as much as missiles and strikecraft in the most perilous of fleet engagements.",,,,
dl_zupfen,WEAPON,"The ""Zupfen"" is a dependable 75mm Dual-barrelled shell-firing gun system. Despite its role as a point defense unit, the Zupfen's semi-armour piercing high explosive shells can also shred enemy ship armor in the brutal knife fights Dalcassian fleet engagements often devolve into.",,,,
dl_heavenbolt_medium,WEAPON,"Suitable for intercepting both incoming ordinance and strikecraft, the ""Heavenbolt"" is a small, short-ranged and high speed missile. It is designed to weave in and out of Dalcassian fleet formations to protect against nimble threats that the pike wall would otherwise have trouble keeping up with. This multiple-launch system was originally designed for the Weekend-class' large storage bays to provide Dalcassian patrols with much needed point defense.",,,,
dl_heavenbolt_large,WEAPON,"Suitable for intercepting both incoming ordinance and strikecraft, the ""Heavenbolt"" is a small, short-ranged and high speed missile. It is designed to weave in and out of Dalcassian fleet formations to protect against nimble threats that the pike wall would otherwise have trouble keeping up with. Several times larger than its smaller cousin, this fully integrated missile system is equipped with a built-in autoforging system - ensuring that even the largest Dalcassian fleet movements are covered against all threats.",,,,
dl_saracusa_small,WEAPON,"Designed to project immense explosive power into enemy shipping in an anti-armour role, the ""Saracusa"" is a frighteningly nimble heavy anti-ship missile. Often times as single salvo of Saracusas impacting an unshielded target is enough to destroy outright, if not cripple even the largest enemy capital ships. A triple-barreled tube system, this platform allows for even the smallest Dalcassian vessels to take down targets much larger than themselves.",,,,
dl_saracusa_medium,WEAPON,"Designed to project immense explosive power into enemy shipping in an anti-armour role, the ""Saracusa"" is a frighteningly nimble heavy anti-ship missile. Often times as single salvo of Saracusas impacting an unshielded target is enough to destroy outright, if not cripple even the largest enemy capital ships. A dual-launch firing solution paired with integrated hull-mounted magazine ensures that the Saracusa remains a sustained threat even in longer fleet engagements.",,,,
dl_saracusa_large,WEAPON,"Designed to project immense explosive power into enemy shipping in an anti-armour role, the ""Saracusa"" is a frighteningly nimble heavy anti-ship missile. Often times as single salvo of Saracusas impacting an unshielded target is enough to destroy outright, if not cripple even the largest enemy capital ships. The largest Dalcassian platform capable of holding the Saracusa, this integrated launch solution allows for a deluge of firepower to fill in the ranks of Dalcassian pike walls in even the largest battles.",,,,
dl_plasma_driver_small,WEAPON,"With technology derived from an ancient ""colony purification weapon"", the Plasma Driver Missile uses an exotic cocktail of irreplicable techniques to form a directed plasma field on impact. Originally intended to burn out cellular tissue with ultra high frequency waves, this weapon after being scaled to starship size is now capable of equally smashing shields, armour and hull. A triple-barreled tube system, this platform allows for even the smallest Dalcassian vessels to take down targets much larger than themselves.",,,,
dl_plasma_driver_medium,WEAPON,"With technology derived from an ancient ""colony purification weapon"", the Plasma Driver Missile uses an exotic cocktail of irreplicable techniques to form a directed plasma field on impact. Originally intended to burn out cellular tissue with ultra high frequency waves, this weapon after being scaled to starship size is now capable of equally smashing shields, armour and hull. A dual-launch firing solution paired with integrated hull-mounted magazine ensures that heavy Dalcassian missiles remain a sustained threat even in longer fleet engagements.",,,,
dl_plasma_driver_large,WEAPON,"With technology derived from an ancient ""colony purification weapon"", the Plasma Driver Missile uses an exotic cocktail of irreplicable techniques to form a directed plasma field on impact. Originally intended to burn out cellular tissue with ultra high frequency waves, this weapon after being scaled to starship size is now capable of equally smashing shields, armour and hull. This integrated heavy launch solution allows for a deluge of firepower to fill in the ranks of Dalcassian pike walls in even the biggest slugfests.",,,,
#CELESTIAL BODIES,,,,,,
dl_star_dalcass,CUSTOM,"The star 'Dalcass', named after the ancient and long dead patron of House Dalcassius, glows with a vibrant golden hue. A peculiar anomaly, this star forms the basis for all Dalcassian heraldry together with its sister star, 'Belissarius'",,,,
dl_star_belissarius,CUSTOM,"'Belissarius', a much more conventional star compared to its smaller sister Sun 'Dalcassius' forms the second part of the binary Dalcass system. Again, named after the originator of House Dalcassius, it is often depicted in Dalcassian iconography as a ring due to its close proximity to the Dalcass Gate.",,,,
dl_planet_dalcassia,CUSTOM,"The Capital of the Dalcassian League - Dalcassia was originally settled by the antecedents of House Dalcassius and currently serves as the current seat of power in the League. Dalcassia's once lush praires are now dotted with the structures, industries and lifelines of the Dalcassian ecumenopolis. ",,,,
dl_planet_armageddyn,CUSTOM,"The Industrial Planet Armageddyn was the second planet in the Dalcass system to be settled in the early days of the League. A critical lifeline for the system, its long network of pipelines, super-forges and immense refining facilities dot the planet and pump the lifeblood of the Dalcassian economy throughout the Persean sector. Its orbital network of space-forges fuel and manufacture the proud Dalcassian fleets.",,,,
dl_planet_infyrno,CUSTOM,"The Wartorn crucible of Infyrno was originally settled by two long forgotten warring Houses. The centuries of warfare that struck the planet have long turned its landscape harsh and irrecognizeable from the fertile terran world it once was. While the battles have long ended and their combatants now an indistinguishable part of the Dalcassian League of Associated Planets, it now serves as a training planet for the Dalcassian Navy and armed forces. Due to its close proximity to both the Dalcass jumppoint and Dalcass Gate, it is frequently the site of battle anew.",,,,
#FACTIONS,,,,,,
dalcassian,FACTION,"The Dalcassian League of Associated Planets, or simply the Dalcassian League, is a relatively isolated pocket fiefdom in the Persean Sector. Largely contained in the Binary Dalcass system, the League as been able to avoid being incorporated by one of the larger factions through a combination of guile, diplomatic maneuvering and a sturdy military industrial complex. While there does exist a distinct aristocratic class, the day-to-day lives of the standard Dalcassian citizen are not that much different from that of a late 21st century one. There are poets, scientists, artists and warriors throughout the League. While the League itself is a fairly isolated political entity, its citizens can be found from Hybrasil all the way to Kazeron as independent mercenaries or private citizens.

Dalcassian warships are often heavily armoured and have an emphasis on staying power rather than mobility or firepower. Their emphasis on long range beam weaponry coupled with short to mid range ballistic multi-purpose guns and missile systems mean that while they do struggle against enemy shields, they excel at pulverizing enemy armor and incoming missiles and strikecraft. Larger Dalcassian vessels are often retrofitted to support small numbers of strikecraft - indeed during the early days of the League after the great Collapse, early encounters with both Hegemony and pirate incursions revealed a glaringly obvious lack of carrier capacity.

Dalcassian fleets adhere to what is called the 'Pike Wall' doctrine - battlegroups are normally built around a number of key capital ships with heavy escorts and lighter destroyers filling in the gaps. Mighty Ajax-class flagships provide long ranged fire in a front arc that is heavily coordinated to both pick apart enemy capital shipping while also breaking apart large formations of enemy vessels. Smaller vessels contribute to this directed fire or provide protection to the vulnerable flanks and rear. The Pike Wall is largely suited to the League's defensive nature and is a result of the many defensive fleet actions in the Dalcass system against would be attackers. While there is much that can be said about the flexibility of the Pike Wall, it has none-the-less kept the League as a fully autonomous faction. 

The backbone of the League's successes, however, would be their signature ""Humaniform-emulating Reactive Combat Units with Link-Automated ordiNance"" - HERCULANs or HERCs for short. These fully articulated battle units are often piloted by the most skilled - or insane - Captains in the League Armada. Capable of a stunning amount of firepower and staying power in such a small, frigate-sized package, the League touts a wide arsenal of HERCs to fill out a variety of roles in the Dalcassian fleets. These vessels are more than capable of operating independently of carriers unlike conventional strike craft.",,,,