{
	# should be a copy of "combatSmall", minus variants that are annoying to fight in low numbers
	# for example, no Hyperions or fast beam-based kiting loadouts, or ships with damper field
	"combatSmallForSmallFleet":{
		"dl_felis_Standard":10,
		"dl_arise_Strike":10,
		"dl_arise_Escort":10,
		"dl_felis_w_AS":2,
		"dl_weekend_Standard":5,
		"dl_weekend_Strike":2,
		
		"fallback":{"combatSmall":1},
	},
	"combatSmall":{
		"dl_felis_Standard":10,
		"dl_arise_Strike":10,
		"dl_arise_Escort":10,
		"dl_felis_w_AS":5,
		"dl_weekend_Standard":5,
		"dl_weekend_Strike":2,
		"dl_mandela_Missile":5,
		"dl_mandela_Standard":5,
	
		"fallback":{"combatMedium":0.5},
	},
	"combatMedium":{
		"dl_felis_Standard":10,
		"dl_arise_Strike":10,
		"dl_arise_Escort":10,
		"dl_felis_w_AS":5,
		"dl_torus_Sanc":3,
		"dl_weekend_Standard":5,
		"dl_weekend_Strike":5,
		"dl_mandela_Missile":5,
		"dl_mandela_Standard":5,
		"dl_mandela_Swarm":3,

		"fallback":{"combatSmall":1},
	},
	"combatLarge":{
		"dl_felis_Standard":10,
		"dl_arise_Strike":10,
		"dl_arise_Escort":10,
		"dl_felis_w_AS":5,
		"dl_torus_Sanc":5,
		"dl_weekend_Standard":5,
		"dl_weekend_Strike":5,
		"dl_mandela_Missile":5,
		"dl_mandela_Standard":5,
		"dl_mandela_Swarm":3,
		"dl_ajax_Standard":1,

		"fallback":{"combatMedium":1},
	},
	"combatCapital":{
		"dl_torus_Sanc":10,
		"dl_felis_Standard":10,
		"dl_felis_w_AS":3,
		"dl_ajax_Standard":7,
		"dl_weekend_Standard":8,
		"dl_weekend_Strike":8,
		"dl_mandela_Missile":8,
		"dl_mandela_Standard":8,
		"dl_mandela_Swarm":6,
		"dl_stouthawk_Weilergun":1,
		
		"fallback":{"combatLarge":1},
	},
	
#	# hybrid ships with good combat and cargo capacity
#	"combatFreighterSmall":{
#		"magellan_cbtfreight_frontier":5,
#		"magellan_cbtfreight_std":5,
 
#		"fallback":{"freighterSmall":1},
#	},
	
#	# carriers
#	"carrierMedium":{
#		"magellan_carrier_std":10,
#		"magellan_carrier_attack":4,
		
#		"magellan_carrier_startiger_std":5,
#		"magellan_carrier_theherd_std":5,

#		"fallback":{"carrierSmall":1},
#		"fallback2":{"carrierLarge":0.5},
#	},

#	# phase ships
#	"phaseSmall":{
#		"magellan_phasefrig_std":10,
#		"magellan_phasefrig_attack":10,
		
#		"magellan_phasefrig_theherd_std":4,
#		"magellan_phasefrig_blackcollar_attack":1,
				
#		"fallback":{"phaseMedium":0.5},
#		"fallback2":{"phaseLarge":0.25},
	},
#	"phaseLarge":{
#		"magellan_phasecruiser_std":5,
		
#		"fallback":{"phaseMedium":1},
#		"fallback2":{"phaseSmall":1},
#	},
		
	# freighters
	"freighterLarge":{
		"atlas_Standard":10,
		"prometheus_Super":10,
	},
		
}